{
    "q_table_name": "FastDriver.npy",
    "driver_id": "7f8488fbd318412d9a3337b5a7828318",
    "warning_most_common_state": "[7, 0, 1]",
    "avg_warning_dr": 1.4204895104895103,
    "avg_warning_dl": 2.260874125874126,
    "total_time_run": "0:30:34",
    "total_time_run_seconds": 1834.7195127010345,
    "total_num_episodes": 15,
    "num_corrections": 78,
    "num_invasions": 12,
    "num_warning_states": 286,
    "state_counts": {
        "3": [
            4,
            1,
            0,
            6,
            2,
            2,
            2,
            0
        ],
        "4": [
            1,
            0,
            0,
            4,
            1,
            1,
            0,
            0
        ],
        "5": [
            1,
            0,
            0,
            2,
            0,
            0,
            5,
            0
        ],
        "6": [
            0,
            0,
            1,
            2,
            2,
            2,
            1,
            5
        ],
        "7": [
            6,
            9,
            5,
            7,
            4,
            10,
            11,
            7
        ],
        "8": [
            2,
            4,
            6,
            0,
            2,
            6,
            4,
            0
        ]
    }
}
