{
    "q_table_name": "FastDriver.npy",
    "driver_id": "7f8488fbd318412d9a3337b5a7828318",
    "warning_most_common_state": "[9, 0, 1]",
    "avg_warning_dr": 1.3474760383386581,
    "avg_warning_dl": 2.318242811501598,
    "total_time_run": "0:34:38",
    "total_time_run_seconds": 2078.695820569992,
    "total_num_episodes": 17,
    "num_corrections": 88,
    "num_invasions": 15,
    "num_warning_states": 313,
    "state_counts": {
        "3": [
            4,
            1,
            0,
            6,
            2,
            2,
            2,
            0,
            0
        ],
        "4": [
            1,
            0,
            0,
            4,
            1,
            1,
            0,
            0,
            0
        ],
        "5": [
            1,
            0,
            0,
            2,
            0,
            0,
            5,
            0,
            0
        ],
        "6": [
            0,
            0,
            1,
            2,
            2,
            2,
            1,
            5,
            1
        ],
        "7": [
            6,
            9,
            5,
            7,
            4,
            10,
            11,
            7,
            9
        ],
        "8": [
            2,
            4,
            6,
            0,
            2,
            6,
            4,
            0,
            0
        ]
    }
}